<package name='rootfreqs' version='0.0.2'>
        <depends on='BEAST.base' atleast='2.7.3'/>
        <depends on='BEAST.app' atleast='2.7.3'/>
        <depends on='phylonco' atleast='1.0.0'/>

   <service type="beast.base.core.BEASTInterface">
        <provider classname="rootfreqs.TreeLikelihood"/>
        <provider classname="rootfreqs.ThreadedTreeLikelihood"/>
        <provider classname="rootfreqs.TreeLikelihoodWithError"/>
        <provider classname="rootfreqs.ThreadedTreeLikelihoodWithError"/>
    </service>

</package>
